Brier,Correlation,ROC_AUC,PR_AUC,Accuracy,Precision,Recall,F1,Open_Accuracy,Closed_Accuracy,Fold,Eval_Date,Train_Start,Train_End,N_Train_Rows,N_Eval_Rows
0.0,0.0,0.0,0.0,1.0,0.0,0.0,0.0,0.0,1.0,1,2026-01-06,2026-01-01,2026-01-05,7198,1440
0.0,0.0,0.0,0.0,1.0,0.0,0.0,0.0,0.0,1.0,2,2026-01-11,2026-01-01,2026-01-10,14398,1440
1.919172962959245e-07,0.0,0.0,0.0,1.0,0.0,0.0,0.0,0.0,1.0,3,2026-01-16,2026-01-01,2026-01-15,21597,1440
2.0427172515293577e-07,0.0,0.0,0.0,1.0,0.0,0.0,0.0,0.0,1.0,4,2026-01-21,2026-01-01,2026-01-20,28797,1440
7.713104188165114e-08,0.0,0.0,0.0,1.0,0.0,0.0,0.0,0.0,1.0,5,2026-01-26,2026-01-01,2026-01-25,35996,1440
8.868788042058334e-28,0.0,0.0,0.0,1.0,0.0,0.0,0.0,0.0,1.0,6,2026-01-31,2026-01-01,2026-01-30,43196,1440
5.148244416566442e-07,0.0,0.0,0.0,1.0,0.0,0.0,0.0,0.0,1.0,7,2026-02-05,2026-01-01,2026-02-04,50395,1438
0.02802175923345069,0.7816625692453125,0.959139534883721,0.6417220586735267,0.9430555555555555,0.6619047619047619,0.9266666666666666,0.7722222222222223,0.9266666666666666,0.9449612403100776,8,2026-02-10,2026-01-01,2026-02-09,57594,1440
8.064544832279827e-07,0.0,0.0,0.0,1.0,0.0,0.0,0.0,0.0,1.0,9,2026-02-15,2026-01-01,2026-02-14,64794,1440
2.0387316282813812e-07,0.0,0.0,0.0,1.0,0.0,0.0,0.0,0.0,1.0,10,2026-02-20,2026-01-01,2026-02-19,71992,1440
0.004635802890006556,0.8859291840073658,0.9660161806543385,0.7707279455061291,0.9937413073713491,0.7948717948717948,0.96875,0.8732394366197183,0.96875,0.9943100995732574,11,2026-02-25,2026-01-01,2026-02-24,79192,1438
0.029286597943010844,0.9332206996158204,0.9448290996381354,0.9523033857175083,0.9631944444444445,0.952565343659245,0.9959514170040485,0.9737753587333003,0.9959514170040485,0.8915929203539823,12,2026-03-02,2026-01-01,2026-03-01,86390,1440
1.0707949274856492e-06,0.0,0.0,0.0,1.0,0.0,0.0,0.0,0.0,1.0,13,2026-03-07,2026-01-01,2026-03-06,93590,1440
0.018616384496402474,0.7580681356654155,0.963743961352657,0.597414335407758,0.9743055555555555,0.6419753086419753,0.8666666666666667,0.7375886524822695,0.8666666666666667,0.9789855072463768,14,2026-03-12,2026-01-01,2026-03-11,100789,1440
1.0474606221633114e-06,0.0,0.0,0.0,1.0,0.0,0.0,0.0,0.0,1.0,15,2026-03-17,2026-01-01,2026-03-16,107989,1440
1.0542769308305492e-06,0.0,0.0,0.0,1.0,0.0,0.0,0.0,0.0,1.0,16,2026-03-22,2026-01-01,2026-03-21,115188,1440
1.3277269499016365e-06,0.0,0.0,0.0,1.0,0.0,0.0,0.0,0.0,1.0,17,2026-03-27,2026-01-01,2026-03-26,122388,1440
0.008561317657946804,0.8354890864406563,0.9472390993566834,0.6143889244264613,0.9847116052814454,0.6607142857142857,0.925,0.7708333333333334,0.925,0.9864188706218727,18,2026-04-01,2026-01-01,2026-03-31,129588,1439
0.02353776275512538,0.6704177330668012,0.9287713367324318,0.447308897257699,0.9659722222222222,0.5185185185185185,0.8076923076923077,0.631578947368421,0.8076923076923077,0.9719020172910663,19,2026-04-06,2026-01-01,2026-04-05,136787,1440
4.236298900718731e-06,0.0,0.0,0.0,1.0,0.0,0.0,0.0,0.0,1.0,20,2026-04-11,2026-01-01,2026-04-10,143987,1440
4.273432996963692e-06,0.0,0.0,0.0,1.0,0.0,0.0,0.0,0.0,1.0,21,2026-04-16,2026-01-01,2026-04-15,151187,1440
4.926220114007648e-06,0.0,0.0,0.0,1.0,0.0,0.0,0.0,0.0,1.0,22,2026-04-21,2026-01-01,2026-04-20,158387,1440
4.816961943012741e-06,0.0,0.0,0.0,1.0,0.0,0.0,0.0,0.0,1.0,23,2026-04-26,2026-01-01,2026-04-25,165586,1440
0.05330121572259968,0.8277891841829464,0.9179265629265629,0.7029829598902045,0.9048611111111111,0.7178329571106095,0.9636363636363636,0.8227684346701164,0.9636363636363636,0.8873873873873874,24,2026-05-01,2026-01-01,2026-04-30,172786,1440
4.539014561987563e-06,0.0,0.0,0.0,1.0,0.0,0.0,0.0,0.0,1.0,25,2026-05-06,2026-01-01,2026-05-05,179986,1440
4.152143012997094e-06,0.0,0.0,0.0,1.0,0.0,0.0,0.0,0.0,1.0,26,2026-05-11,2026-01-01,2026-05-10,187186,1440
0.0022692204250641876,0.42311932604189817,0.0,0.0,1.0,0.0,0.0,0.0,0.0,1.0,27,2026-05-16,2026-01-01,2026-05-15,194385,1438
0.05103628105740572,0.8008385237135265,0.9333959175813595,0.6703061905583987,0.9193083573487032,0.690625,0.9444444444444444,0.7978339350180506,0.9444444444444444,0.91421143847487,28,2026-05-21,2026-01-01,2026-05-20,201583,1388
0.006257141200408616,0.9944894780525138,0.995781206561023,0.9938151504108997,0.9979152189020153,1.0,0.9875,0.9937106918238994,0.9875,1.0,29,2026-05-26,2026-01-01,2026-05-25,208783,1439
0.01385484479533576,0.3874567392186744,0.0,0.0,1.0,0.0,0.0,0.0,0.0,1.0,30,2026-05-31,2026-01-01,2026-05-30,215983,1440
3.940672978093915e-05,0.04878992364754618,0.0,0.0,1.0,0.0,0.0,0.0,0.0,1.0,31,2026-06-05,2026-01-01,2026-06-04,223183,1440
3.698260192576569e-05,0.0,0.0,0.0,1.0,0.0,0.0,0.0,0.0,1.0,32,2026-06-10,2026-01-01,2026-06-09,230382,1440
3.385318324810266e-05,0.0,0.0,0.0,1.0,0.0,0.0,0.0,0.0,1.0,33,2026-06-15,2026-01-01,2026-06-14,237582,1440
0.05182035641457275,0.4255976449011956,0.6167255631980816,0.9513521271136933,0.9469387755102041,0.9513888888888888,0.9941944847605225,0.9723207948899929,0.9941944847605225,0.2391304347826087,34,2026-06-20,2026-01-01,2026-06-19,244782,735
0.015622305898479431,0.8809523079918253,0.9745019297673407,0.7616161284640174,0.9761570827489481,0.7785714285714286,0.9732142857142857,0.8650793650793651,0.9732142857142857,0.9764079147640792,35,2026-06-25,2026-01-01,2026-06-24,251980,1426
4.206597863120569e-05,0.0,0.0,0.0,1.0,0.0,0.0,0.0,0.0,1.0,36,2026-06-30,2026-01-01,2026-06-29,259179,1440
0.04342394392963796,0.665109426481927,0.9108395989974936,0.44680404167986154,0.9242002781641169,0.4971751412429379,0.8148148148148148,0.6175438596491228,0.8148148148148148,0.9330827067669173,37,2026-07-05,2026-01-01,2026-07-04,266379,1438
0.18383949893690932,0.36658518567443843,0.6953078709805325,0.3840103948871202,0.6895833333333333,0.0,0.0,0.0,0.0,1.0,38,2026-07-10,2026-01-01,2026-07-09,273578,1440
0.29561312340947477,0.07318650980449766,0.5277272019919079,0.4918027291428627,0.5355153203342619,0.6065573770491803,0.054411764705882354,0.09986504723346828,0.054411764705882354,0.9682539682539683,39,2026-07-15,2026-01-01,2026-07-14,280778,1436
0.28841099163312434,0.2825883919188535,0.8339592820368371,0.7955476325209723,0.5223776223776224,0.9696969696969697,0.04481792717086835,0.0856760374832664,0.04481792717086835,0.9986033519553073,40,2026-07-20,2026-01-01,2026-07-19,287978,1430
0.48425809892908156,0.7474819514971133,0.9284795768439613,0.973376580253936,0.2881944444444444,0.0,0.0,0.0,0.0,1.0,41,2026-07-25,2026-01-01,2026-07-24,295178,1440
0.36329312247182716,0.2587067893039038,0.9192048817791407,0.8975126355299714,0.4534722222222222,0.0,0.0,0.0,0.0,1.0,42,2026-07-30,2026-01-01,2026-07-29,302378,1440
0.2804412261609315,0.41446975527390223,0.9414994803780868,0.9364655246717123,0.4201388888888889,0.0,0.0,0.0,0.0,1.0,43,2026-08-04,2026-01-01,2026-08-03,309578,1440
0.0012444008542471146,-0.1891256915963454,0.0,0.0,1.0,0.0,0.0,0.0,0.0,1.0,44,2026-08-09,2026-01-01,2026-08-08,316778,55
